model_name,coding_accuracy,coding_sensitivity,coding_specificity,boundary_recall,boundary_precision,start_recall,stop_recall,total_runtime_seconds,num_states
Model 1: 2-state coding/noncoding,0.7585000224600787,0.5843131299194266,0.8521270920629853,0.031,0.048,0.0,0.0,0.254806666673782,2.0
Model 2: explicit start/stop boundaries,0.7035636174202672,0.4645988576771801,0.8204861172439303,0.083,0.084,0.08866666666666674,0.047999999999999966,0.4059660836743812,4.0
Model 3: splice-aware exon-intron HMM,0.7137386958863902,0.431561708388516,0.8712741168754312,0.097,0.098,0.11333333333333359,0.030666666666666686,0.720566013653297,7.0
Model 4: codon-aware periodic HMM,0.6781816237399775,0.516274108104139,0.7254435983616382,0.021,0.022,0.053999999999999944,0.022666666666666672,0.6951524166700741,6.0
